<?xml version="1.0" encoding="UTF-8"?>
<!DOCTYPE suite SYSTEM "http://testng.org/testng-1.0.dtd">
<suite name="Suite" parallel="classes" thread-count="5" verbose="5">
<parameter name ="browser" value ="chrome"></parameter>
<parameter name = "url" value = "http://leaftaps.com/opentaps"></parameter>
<parameter name = "username" value = "DemoCSR"></parameter>
<parameter name = "password" value = "crmsfa"></parameter>                
  <test thread-count="5" name="Test">
    <classes>
 <!-- <class name="testCases.TC001_Login"/>   
 <class name="testCases.TC004_DeleteLead"/>
 <class name="testCases.TC003_EditLead"/> --> 
  <class name="testCases.TC002_CreateLead"/>
  
 
 </classes>
  </test> <!-- Test -->
</suite> <!-- Suite -->
